{"cameraMode":{"drawMode":0,"name":"Shaded","section":"Shading Mode"},"sceneLighting":true,"audioPlay":false,"sceneViewState":{"m_AlwaysRefresh":false,"showFog":true,"showSkybox":true,"showFlares":true,"showImageEffects":true,"showParticleSystems":true,"showVisualEffectGraphs":true,"m_FxEnabled":true},"in2DMode":false,"pivot":{"x":26.065330505371095,"y":5.781387805938721,"z":13.75584602355957},"rotation":{"x":0.28078195452690127,"y":-0.23669391870498658,"z":0.07166438549757004,"w":0.9273626208305359},"size":4.6103034019470219,"orthographic":false}